u779ahi2c00top10,BBBB,1,1,i2c1_master_tx,PER/TIMER/HauLe2,10/2/2018,10/2/2018,9/18/2018,9/19/2018,CT,M,1,0,0,0,0,0,
u779ahi2c00top10,BBBC,1,1,i2c1_master_tx_fsb,PER/TIMER/HauLe2,10/2/2018,10/2/2018,9/18/2018,9/19/2018,CT,M,1,0,0,0,0,0,
u779ahi2c00top10,BBBD,1,1,i2c1_master_tx_dma,PER/TIMER/HauLe2,10/4/2018,10/4/2018,9/24/2018,9/25/2018,CT,M,1,0,0,0,0,0,
u779ahi2c00top10,BBBE,1,1,i2c1master_tx_dma_continuous,PER/TIMER/HauLe2,10/4/2018,10/4/2018,10/10/2018,10/23/2018,CT,M,1,0,0,0,0,0,
u779ahi2c00top10,BBCB,1,1,i2c1_master_rx,PER/TIMER/HauLe2,10/2/2018,10/2/2018,9/18/2018,9/19/2018,CT,M,1,0,0,0,0,0,
u779ahi2c00top10,BBCC,1,1,i2c1_master_rx_dma,PER/TIMER/HauLe2,10/4/2018,10/4/2018,9/24/2018,9/25/2018,CT,M,1,0,0,0,0,0,
u779ahi2c00top10,BBCD,1,1,i2c1_master_rx_dma_continuous,PER/TIMER/HauLe2,10/4/2018,10/4/2018,10/10/2018,10/23/2018,CT,M,1,0,0,0,0,0,
u779ahi2c00top10,BBDB,1,1,i2c1_master_tx_rpt_master_rx,PER/TIMER/HauLe2,10/2/2018,10/2/2018,9/18/2018,9/19/2018,CT,M,1,0,0,0,0,0,
u779ahi2c00top10,BBFB,1,1,i2c1_master_send_start_byte,PER/TIMER/HauLe2,10/5/2018,10/5/2018,9/24/2018,9/25/2018,CT,M,1,0,0,0,0,0,
u779ahi2c00top10,BBGB,1,1,i2c1_master_arbitration_lost,PER/TIMER/HauLe2,10/5/2018,10/5/2018,10/9/2018,10/10/2018,CT,M,1,0,0,0,0,0,
u779ahi2c00top10,BBHB,1,1,i2c1_master_general_call,PER/TIMER/HauLe2,10/2/2018,10/2/2018,9/18/2018,9/19/2018,CT,M,1,0,0,0,0,0,
u779ahi2c00top10,BBIB,1,1,i2c1_master_tx_50kHz,PER/TIMER/HauLe2,10/2/2018,10/2/2018,9/19/2018,9/20/2018,CT,M,1,0,0,0,0,0,
u779ahi2c00top10,BBIC,1,1,i2c1_master_tx_100kHz,PER/TIMER/HauLe2,10/2/2018,10/2/2018,9/19/2018,9/20/2018,CT,M,1,0,0,0,0,0,
u779ahi2c00top10,BBID,1,1,i2c1_master_tx_200kHz,PER/TIMER/HauLe2,10/2/2018,10/2/2018,9/19/2018,9/20/2018,CT,M,1,0,0,0,0,0,
u779ahi2c00top10,BBIE,1,1,i2c1_master_tx_250kHz,PER/TIMER/HauLe2,10/2/2018,10/2/2018,9/19/2018,9/20/2018,CT,M,1,0,0,0,0,0,
u779ahi2c00top10,BBIF,1,1,i2c1_master_tx_300kHz,PER/TIMER/HauLe2,10/2/2018,10/2/2018,9/19/2018,9/20/2018,CT,M,1,0,0,0,0,0,
u779ahi2c00top10,BBIG,1,1,i2c1_master_tx_400kHz,PER/TIMER/HauLe2,10/2/2018,10/2/2018,9/19/2018,9/20/2018,CT,M,1,0,0,0,0,0,
u779ahi2c00top10,BBIH,1,1,i2c1_master_tx_50kHz_var_duty,PER/TIMER/HauLe2,10/2/2018,10/2/2018,9/19/2018,9/20/2018,CT,M,1,0,0,0,0,0,
u779ahi2c00top10,BBII,1,1,i2c1_master_tx_100kHz_var_duty,PER/TIMER/HauLe2,10/2/2018,10/2/2018,9/19/2018,9/20/2018,CT,M,1,0,0,0,0,0,
u779ahi2c00top10,BBIJ,1,1,i2c1_master_tx_200kHz_var_duty,PER/TIMER/HauLe2,10/2/2018,10/2/2018,9/19/2018,9/20/2018,CT,M,1,0,0,0,0,0,
u779ahi2c00top10,BBIK,1,1,i2c1_master_tx_250kHz_var_duty,PER/TIMER/HauLe2,10/2/2018,10/2/2018,9/19/2018,9/20/2018,CT,M,1,0,0,0,0,0,
u779ahi2c00top10,BBIL,1,1,i2c1_master_tx_300kHz_var_duty,PER/TIMER/HauLe2,10/2/2018,10/2/2018,9/19/2018,9/20/2018,CT,M,1,0,0,0,0,0,
u779ahi2c00top10,BBIM,1,1,i2c1_master_tx_400kHz_var_duty,PER/TIMER/HauLe2,10/2/2018,10/2/2018,9/19/2018,9/20/2018,CT,M,1,0,0,0,0,0,
u779ahi2c00top10,BBIN,1,1,i2c1_master_tx_1MHz_var_duty,PER/TIMER/HauLe2,10/2/2018,10/2/2018,9/19/2018,9/20/2018,CT,M,1,0,0,0,0,0,
u779ahi2c00top10,BCBB,1,1,i2c1_slave_addr_nack,PER/TIMER/HauLe2,10/3/2018,10/3/2018,9/18/2018,9/19/2018,CT,N,1,0,0,0,0,0,
u779ahi2c00top10,BCCB,1,1,i2c1_slave_general_call,PER/TIMER/HauLe2,10/3/2018,10/3/2018,9/18/2018,9/19/2018,CT,M,1,0,0,0,0,0,
u779ahi2c00top10,BCDB,1,1,i2c1_slave_tx,PER/TIMER/HauLe2,10/3/2018,10/3/2018,9/18/2018,9/18/2018,CT,M,1,0,0,0,0,0,
u779ahi2c00top10,BCDC,1,1,i2c1_slave_tx_scss,PER/TIMER/HauLe2,10/3/2018,10/3/2018,9/18/2018,9/19/2018,CT,N,1,0,0,0,0,0,
u779ahi2c00top10,BCDD,1,1,i2c1_slave_tx_dma,PER/TIMER/HauLe2,10/4/2018,10/4/2018,9/24/2018,9/25/2018,CT,M,1,0,0,0,0,0,
u779ahi2c00top10,BCEB,1,1,i2c1_slave_rx,PER/TIMER/HauLe2,10/3/2018,10/3/2018,9/18/2018,9/19/2018,CT,M,1,0,0,0,0,0,
u779ahi2c00top10,BCEC,1,1,i2c1_slave_rx_fna,PER/TIMER/HauLe2,10/3/2018,10/3/2018,9/18/2018,9/19/2018,CT,M,1,0,0,0,0,0,
u779ahi2c00top10,BCED,1,1,i2c1_slave_rx_scss,PER/TIMER/HauLe2,10/3/2018,10/3/2018,9/18/2018,9/19/2018,CT,N,1,0,0,0,0,0,
u779ahi2c00top10,BCEE,1,1,i2c1_slave_rx_fna_scss,PER/TIMER/HauLe2,10/3/2018,10/3/2018,9/18/2018,9/19/2018,CT,N,1,0,0,0,0,0,
u779ahi2c00top10,BCEF,1,1,i2c1_slave_rx_dma,PER/TIMER/HauLe2,10/4/2018,10/4/2018,9/24/2018,9/25/2018,CT,M,1,0,0,0,0,0,
u779ahi2c00top10,BDEF,1,1,i2c1_io_cell_stanby_check,PER/TIMER/HauLe2,10/5/2018,10/5/2018,10/10/2018,10/12/2018,CT,N,1,0,0,0,0,0,
u779ahi2c00top10,BEEF,1,1,i2c1_io_cell_1V8,PER/TIMER/HauLe2,10/5/2018,10/5/2018,10/8/2018,10/9/2018,CT,M,1,0,0,0,0,0,
u779ahi2c00top10,BBBA,1,1,i2c1_reg_check,PER/TIMER/HauLe2,6/23/2018,7/31/2018,8/30/2018,8/30/2018,CT,M,1,0,0,0,0,0,
u779ahi2c00top10,CBHA,1,1,i2c1_reg_check,PER/TIMER/HauLe2,6/23/2018,7/31/2018,8/30/2018,8/30/2018,CT,M,1,0,0,0,0,0,
u779ahi2c00top10,CECA,1,1,i2c1_mstp_check,PER/TIMER/HauLe2,6/23/2018,7/31/2018,8/30/2018,8/30/2018,CT,M,1,0,0,0,0,0,
u779ahi2c00top10,CEDA,1,1,i2c1_reg_check,PER/TIMER/HauLe2,6/23/2018,7/31/2018,8/30/2018,8/30/2018,CT,M,1,0,0,0,0,0,
u779ahi2c00top10,CEEA,1,1,i2c1_reg_check,PER/TIMER/HauLe2,6/23/2018,7/31/2018,8/30/2018,8/30/2018,CT,M,1,0,0,0,0,0,
u779ahi2c00top10,EBBA,2,2,i2c1_slave_tx_dma,PER/TIMER/HauLe2,10/4/2018,10/31/2018,9/24/2018,9/25/2018,CT,M,1,0,0,0,0,0,
u779ahi2c00top10,EBBA,2,2,i2c1_master_tx_dma,PER/TIMER/HauLe2,10/4/2018,10/31/2018,9/24/2018,9/25/2018,CT,M,1,0,0,0,0,0,
u779ahi2c00top10,ECBA,2,2,i2c1_slave_rx_dma,PER/TIMER/HauLe2,10/4/2018,10/31/2018,9/24/2018,9/25/2018,CT,M,1,0,0,0,0,0,
u779ahi2c00top10,ECBA,2,2,i2c1_master_rx_dma,PER/TIMER/HauLe2,10/4/2018,10/31/2018,9/24/2018,9/25/2018,CT,M,1,0,0,0,0,0,
u779ahi2c00top10,IBBA,1,1,i2c1_mstp_check,PER/TIMER/HauLe2,6/23/2018,7/31/2018,8/30/2018,8/30/2018,CT,M,1,0,0,0,0,0,
u779ahi2c00top10,IBCA,1,1,i2c1_mstp_check,PER/TIMER/HauLe2,6/23/2018,7/31/2018,8/30/2018,8/30/2018,CT,M,1,0,0,0,0,0,
u779ahi2c00top10,IBEA,1,1,i2c1_mstp_check,PER/TIMER/HauLe2,6/23/2018,7/31/2018,8/30/2018,8/30/2018,CT,M,1,0,0,0,0,0,
u779ahi2c00top10,ICBA,1,1,i2c1_srst_check,PER/TIMER/HauLe2,6/23/2018,7/31/2018,8/30/2018,8/30/2018,CT,M,1,0,0,0,0,0,
u779ahi2c00top10,JBBA,1,1,i2c1_pad_check,PER/TIMER/HauLe2,9/13/2018,9/13/2018,9/17/2018,9/18/2018,CT,M,1,0,0,0,0,0,
u779ahi2c00top10,KBBA,1,1,i2c0_interrupt_check_enyo,PER/TIMER/HauLe2,10/19/2018,10/31/2018,10/19/2018,10/26/2018,CT,M,1,0,0,0,0,0,
u779ahi2c00top10,KBCA,1,1,i2c1_interrupt_check,PER/TIMER/HauLe2,9/14/2018,9/14/2018,9/19/2018,10/4/2018,CT,M,1,0,0,0,0,0,
u779ahi2c00top10,KCBA,1,1,i2c0_interrupt_check_enyo,PER/TIMER/HauLe2,10/19/2018,10/31/2018,10/19/2018,10/26/2018,CT,M,1,0,0,0,0,0,
u779ahi2c00top10,KCCA,1,1,i2c1_interrupt_check,PER/TIMER/HauLe2,9/14/2018,9/14/2018,9/19/2018,10/4/2018,CT,M,1,0,0,0,0,0,
u779ahi2c00top10,MBBA,1,1,i2c1_osctst,PER/TIMER/HauLe2,10/5/2018,10/31/2018,10/26/2018,10/31/2018,CT,M,1,0,0,0,0,0,
u779ahi2c00top10,MBCA,1,1,i2c1_osctst,PER/TIMER/HauLe2,10/5/2018,10/31/2018,10/26/2018,10/31/2018,CT,M,1,0,0,0,0,0,
